case,max_stress_Pa,volume_m3,mass_kg
case_0001,0.00344089603342927 [Pa],0.0,0.0
case_0001,0.00344089603342927 [Pa],0.0,0.0
