case,max_stress_Pa,volume_m3,mass_kg
case_0001,0.000794026790968334 [Pa],0.0200201736157453 [m m m],157.1583628836 [kg]
